t,x,y,speed
0.000000,0.080000,0.080000,0.000000
0.007007,0.080016,0.080033,0.010511
0.014014,0.080066,0.080132,0.021021
0.021021,0.080148,0.080297,0.031532
0.028029,0.080263,0.080527,0.042043
0.035036,0.080411,0.080824,0.052554
0.042043,0.080592,0.081186,0.063064
0.049050,0.080805,0.081615,0.073575
0.056057,0.081052,0.082109,0.084086
0.063064,0.081331,0.082669,0.094597
0.070072,0.081643,0.083296,0.105107
0.077079,0.081988,0.083988,0.115618
0.084086,0.082366,0.084746,0.126129
0.091093,0.082777,0.085569,0.136640
0.098100,0.083221,0.086459,0.147150
0.105107,0.083698,0.087415,0.157661
0.112115,0.084207,0.088437,0.168172
0.119122,0.084749,0.089524,0.178683
0.126129,0.085324,0.090677,0.189193
0.133136,0.085932,0.091897,0.199704
0.140143,0.086573,0.093182,0.210215
0.147150,0.087247,0.094533,0.220726
0.154158,0.087954,0.095950,0.231236
0.161165,0.088693,0.097433,0.241747
0.168172,0.089466,0.098982,0.252258
0.175179,0.090271,0.100597,0.262769
0.182186,0.091109,0.102278,0.273279
0.189193,0.091980,0.104024,0.283790
0.196201,0.092884,0.105837,0.294301
0.203208,0.093820,0.107715,0.304812
0.210215,0.094790,0.109660,0.315322
0.217222,0.095793,0.111670,0.325833
0.224229,0.096828,0.113746,0.336344
0.231236,0.097896,0.115888,0.346855
0.238244,0.098997,0.118096,0.357365
0.245251,0.100131,0.120370,0.367876
0.252258,0.101298,0.122710,0.378387
0.259265,0.102497,0.125116,0.388898
0.266272,0.103730,0.127587,0.399408
0.273279,0.104995,0.130125,0.409919
0.280287,0.106293,0.132728,0.420430
0.287294,0.107625,0.135398,0.430941
0.294301,0.108989,0.138133,0.441451
0.301308,0.110385,0.140934,0.451962
0.308315,0.111815,0.143801,0.462473
0.315322,0.113278,0.146734,0.472984
0.322330,0.114773,0.149733,0.483494
0.329337,0.116301,0.152798,0.494005
0.336344,0.117860,0.155923,0.500000
0.343351,0.119423,0.159058,0.500000
0.350358,0.120987,0.162193,0.500000
0.357365,0.122550,0.165329,0.500000
0.364373,0.124113,0.168464,0.500000
0.371380,0.125677,0.171599,0.500000
0.378387,0.127240,0.174735,0.500000
0.385394,0.128804,0.177870,0.500000
0.392401,0.130367,0.181006,0.500000
0.399408,0.131931,0.184141,0.500000
0.406415,0.133494,0.187276,0.500000
0.413423,0.135058,0.190412,0.500000
0.420430,0.136621,0.193547,0.500000
0.427437,0.138185,0.196683,0.500000
0.434444,0.139748,0.199818,0.500000
0.441451,0.141312,0.202953,0.500000
0.448458,0.142875,0.206089,0.500000
0.455466,0.144439,0.209224,0.500000
0.462473,0.146002,0.212359,0.500000
0.469480,0.147566,0.215495,0.500000
0.476487,0.149129,0.218630,0.500000
0.483494,0.150693,0.221766,0.500000
0.490501,0.152256,0.224901,0.500000
0.497509,0.153820,0.228036,0.500000
0.504516,0.155383,0.231172,0.500000
0.511523,0.156947,0.234307,0.500000
0.518530,0.158510,0.237442,0.500000
0.525537,0.160074,0.240578,0.500000
0.532544,0.161637,0.243713,0.500000
0.539552,0.163201,0.246849,0.500000
0.546559,0.164764,0.249984,0.500000
0.553566,0.166328,0.253119,0.500000
0.560573,0.167891,0.256255,0.500000
0.567580,0.169455,0.259390,0.500000
0.574587,0.171018,0.262525,0.500000
0.581595,0.172582,0.265661,0.500000
0.588602,0.174145,0.268796,0.500000
0.595609,0.175709,0.271932,0.500000
0.602616,0.177272,0.275067,0.500000
0.609623,0.178836,0.278202,0.500000
0.616630,0.180399,0.281338,0.500000
0.623638,0.181963,0.284473,0.500000
0.630645,0.183526,0.287608,0.500000
0.637652,0.185089,0.290744,0.500000
0.644659,0.186653,0.293879,0.500000
0.651666,0.188216,0.297015,0.500000
0.658673,0.189780,0.300150,0.500000
0.665681,0.191343,0.303285,0.500000
0.672688,0.192907,0.306421,0.500000
0.679695,0.194470,0.309556,0.500000
0.686702,0.196034,0.312691,0.500000
0.693709,0.197597,0.315827,0.500000
0.700716,0.199161,0.318962,0.500000
0.707724,0.200724,0.322098,0.500000
0.714731,0.202288,0.325233,0.500000
0.721738,0.203851,0.328368,0.500000
0.728745,0.205415,0.331504,0.500000
0.735752,0.206978,0.334639,0.500000
0.742759,0.208542,0.337775,0.500000
0.749767,0.210105,0.340910,0.500000
0.756774,0.211669,0.344045,0.500000
0.763781,0.213232,0.347181,0.500000
0.770788,0.214796,0.350316,0.500000
0.777795,0.216359,0.353451,0.500000
0.784802,0.217923,0.356587,0.500000
0.791809,0.219486,0.359722,0.500000
0.798817,0.221050,0.362858,0.500000
0.805824,0.222613,0.365993,0.500000
0.812831,0.224177,0.369128,0.500000
0.819838,0.225740,0.372264,0.500000
0.826845,0.227304,0.375399,0.500000
0.833852,0.228867,0.378534,0.500000
0.840860,0.230431,0.381670,0.500000
0.847867,0.231994,0.384805,0.500000
0.854874,0.233558,0.387941,0.500000
0.861881,0.235121,0.391076,0.500000
0.868888,0.236685,0.394211,0.500000
0.875895,0.238248,0.397347,0.500000
0.882903,0.239812,0.400482,0.500000
0.889910,0.241375,0.403617,0.500000
0.896917,0.242938,0.406753,0.500000
0.903924,0.244502,0.409888,0.500000
0.910931,0.246065,0.413024,0.500000
0.917938,0.247629,0.416159,0.500000
0.924946,0.249192,0.419294,0.500000
0.931953,0.250756,0.422430,0.500000
0.938960,0.252319,0.425565,0.500000
0.945967,0.253883,0.428700,0.500000
0.952974,0.255446,0.431836,0.500000
0.959981,0.257010,0.434971,0.500000
0.966989,0.258573,0.438107,0.500000
0.973996,0.260137,0.441242,0.500000
0.981003,0.261700,0.444377,0.500000
0.988010,0.263264,0.447513,0.500000
0.995017,0.264827,0.450648,0.500000
1.002024,0.266391,0.453784,0.500000
1.009032,0.267954,0.456919,0.500000
1.016039,0.269518,0.460054,0.500000
1.023046,0.271081,0.463190,0.500000
1.030053,0.272645,0.466325,0.500000
1.037060,0.274208,0.469460,0.500000
1.044067,0.275772,0.472596,0.500000
1.051075,0.277335,0.475731,0.500000
1.058082,0.278899,0.478867,0.500000
1.065089,0.280462,0.482002,0.500000
1.072096,0.282393,0.484877,0.500000
1.079103,0.284838,0.487385,0.500000
1.086110,0.287284,0.489894,0.500000
1.093118,0.289729,0.492403,0.500000
1.100125,0.292175,0.494912,0.500000
1.107132,0.294621,0.497421,0.500000
1.114139,0.297066,0.499929,0.500000
1.121146,0.299512,0.502438,0.500000
1.128153,0.301957,0.504947,0.500000
1.135161,0.304403,0.507456,0.500000
1.142168,0.306849,0.509965,0.500000
1.149175,0.309294,0.512473,0.500000
1.156182,0.311740,0.514982,0.500000
1.163189,0.314186,0.517491,0.500000
1.170196,0.316631,0.520000,0.500000
1.177203,0.319077,0.522509,0.500000
1.184211,0.321522,0.525017,0.500000
1.191218,0.323968,0.527526,0.500000
1.198225,0.326414,0.530035,0.500000
1.205232,0.328859,0.532544,0.500000
1.212239,0.331305,0.535053,0.500000
1.219246,0.333750,0.537561,0.500000
1.226254,0.336196,0.540070,0.500000
1.233261,0.338642,0.542579,0.500000
1.240268,0.341087,0.545088,0.500000
1.247275,0.343533,0.547597,0.500000
1.254282,0.345978,0.550105,0.500000
1.261289,0.348424,0.552614,0.500000
1.268297,0.350870,0.555123,0.500000
1.275304,0.353315,0.557632,0.500000
1.282311,0.355761,0.560141,0.500000
1.289318,0.358207,0.562649,0.500000
1.296325,0.360652,0.565158,0.500000
1.303332,0.363098,0.567667,0.500000
1.310340,0.365543,0.570176,0.500000
1.317347,0.367989,0.572685,0.500000
1.324354,0.370435,0.575193,0.500000
1.331361,0.372880,0.577702,0.500000
1.338368,0.375326,0.580211,0.500000
1.345375,0.377771,0.582720,0.500000
1.352383,0.380217,0.585229,0.500000
1.359390,0.382663,0.587737,0.500000
1.366397,0.385108,0.590246,0.500000
1.373404,0.387554,0.592755,0.500000
1.380411,0.389999,0.595264,0.500000
1.387418,0.392445,0.597773,0.500000
1.394426,0.394891,0.600281,0.500000
1.401433,0.397336,0.602790,0.500000
1.408440,0.399782,0.605299,0.500000
1.415447,0.402227,0.607808,0.500000
1.422454,0.404673,0.610317,0.500000
1.429461,0.407119,0.612825,0.500000
1.436469,0.409564,0.615334,0.500000
1.443476,0.412010,0.617843,0.500000
1.450483,0.414456,0.620352,0.500000
1.457490,0.416901,0.622861,0.500000
1.464497,0.419347,0.625369,0.500000
1.471504,0.421792,0.627878,0.500000
1.478512,0.424238,0.630387,0.500000
1.485519,0.426684,0.632896,0.500000
1.492526,0.429129,0.635405,0.500000
1.499533,0.431575,0.637913,0.500000
1.506540,0.434020,0.640422,0.500000
1.513547,0.436466,0.642931,0.500000
1.520555,0.438912,0.645440,0.500000
1.527562,0.441357,0.647949,0.500000
1.534569,0.443803,0.650457,0.500000
1.541576,0.446330,0.652860,0.500000
1.548583,0.449382,0.654582,0.500000
1.555590,0.452433,0.656303,0.500000
1.562597,0.455485,0.658024,0.500000
1.569605,0.458537,0.659745,0.500000
1.576612,0.461588,0.661466,0.500000
1.583619,0.464640,0.663187,0.500000
1.590626,0.467692,0.664908,0.500000
1.597633,0.470744,0.666629,0.500000
1.604640,0.473795,0.668350,0.500000
1.611648,0.476847,0.670071,0.500000
1.618655,0.479899,0.671793,0.500000
1.625662,0.482950,0.673514,0.500000
1.632669,0.486002,0.675235,0.500000
1.639676,0.489054,0.676956,0.500000
1.646683,0.492105,0.678677,0.500000
1.653691,0.495157,0.680398,0.500000
1.660698,0.498209,0.682119,0.500000
1.667705,0.501261,0.683840,0.500000
1.674712,0.504312,0.685561,0.500000
1.681719,0.507364,0.687282,0.500000
1.688726,0.510416,0.689003,0.500000
1.695734,0.513467,0.690725,0.500000
1.702741,0.516519,0.692446,0.500000
1.709748,0.519571,0.694167,0.500000
1.716755,0.522623,0.695888,0.500000
1.723762,0.525674,0.697609,0.500000
1.730769,0.528726,0.699330,0.500000
1.737777,0.531778,0.701051,0.500000
1.744784,0.534829,0.702772,0.500000
1.751791,0.537881,0.704493,0.500000
1.758798,0.540933,0.706214,0.500000
1.765805,0.543984,0.707936,0.500000
1.772812,0.547036,0.709657,0.500000
1.779820,0.550088,0.711378,0.500000
1.786827,0.553140,0.713099,0.500000
1.793834,0.556191,0.714820,0.500000
1.800841,0.559243,0.716541,0.500000
1.807848,0.562295,0.718262,0.500000
1.814855,0.565346,0.719983,0.500000
1.821863,0.568398,0.721704,0.500000
1.828870,0.571450,0.723425,0.500000
1.835877,0.574502,0.725146,0.500000
1.842884,0.577553,0.726868,0.500000
1.849891,0.580605,0.728589,0.500000
1.856898,0.583657,0.730310,0.500000
1.863906,0.586708,0.732031,0.500000
1.870913,0.589760,0.733752,0.500000
1.877920,0.592812,0.735473,0.500000
1.884927,0.595864,0.737194,0.500000
1.891934,0.598915,0.738915,0.500000
1.898941,0.601967,0.740636,0.500000
1.905949,0.605019,0.742357,0.500000
1.912956,0.608070,0.744079,0.500000
1.919963,0.611122,0.745800,0.500000
1.926970,0.614174,0.747521,0.500000
1.933977,0.617225,0.749242,0.500000
1.940984,0.620277,0.750963,0.500000
1.947991,0.623329,0.752684,0.500000
1.954999,0.626381,0.754405,0.500000
1.962006,0.629432,0.756126,0.500000
1.969013,0.632484,0.757847,0.500000
1.976020,0.635536,0.759568,0.500000
1.983027,0.638587,0.761289,0.500000
1.990034,0.641639,0.763011,0.500000
1.997042,0.644691,0.764732,0.500000
2.004049,0.647743,0.766453,0.500000
2.011056,0.650794,0.768174,0.500000
2.018063,0.653846,0.769895,0.500000
2.025070,0.656898,0.771616,0.500000
2.032077,0.659949,0.773337,0.500000
2.039085,0.663001,0.775058,0.500000
2.046092,0.666053,0.776779,0.500000
2.053099,0.669104,0.778500,0.500000
2.060106,0.672156,0.780222,0.500000
2.067113,0.675208,0.781943,0.500000
2.074120,0.678260,0.783664,0.500000
2.081128,0.681311,0.785385,0.500000
2.088135,0.684363,0.787106,0.500000
2.095142,0.687415,0.788827,0.500000
2.102149,0.690466,0.790548,0.500000
2.109156,0.693518,0.792269,0.500000
2.116163,0.696570,0.793990,0.500000
2.123171,0.699622,0.795711,0.500000
2.130178,0.702673,0.797432,0.500000
2.137185,0.705725,0.799154,0.500000
2.144192,0.708777,0.800875,0.500000
2.151199,0.711828,0.802596,0.500000
2.158206,0.714880,0.804317,0.500000
2.165214,0.717932,0.806038,0.500000
2.172221,0.720983,0.807759,0.500000
2.179228,0.724035,0.809480,0.500000
2.186235,0.727087,0.811201,0.500000
2.193242,0.730139,0.812922,0.500000
2.200249,0.733190,0.814643,0.500000
2.207257,0.736242,0.816365,0.500000
2.214264,0.739294,0.818086,0.500000
2.221271,0.742345,0.819807,0.500000
2.228278,0.745397,0.821528,0.500000
2.235285,0.748449,0.823249,0.500000
2.242292,0.751501,0.824970,0.500000
2.249300,0.754552,0.826691,0.500000
2.256307,0.757604,0.828412,0.500000
2.263314,0.760656,0.830133,0.500000
2.270321,0.763707,0.831854,0.500000
2.277328,0.766759,0.833575,0.500000
2.284335,0.769811,0.835297,0.500000
2.291343,0.772863,0.837018,0.500000
2.298350,0.775914,0.838739,0.500000
2.305357,0.778966,0.840460,0.500000
2.312364,0.782018,0.842181,0.500000
2.319371,0.785069,0.843902,0.500000
2.326378,0.788121,0.845623,0.500000
2.333385,0.791173,0.847344,0.500000
2.340393,0.794224,0.849065,0.500000
2.347400,0.797276,0.850786,0.500000
2.354407,0.800328,0.852508,0.500000
2.361414,0.803380,0.854229,0.500000
2.368421,0.806431,0.855950,0.500000
2.375428,0.809483,0.857671,0.500000
2.382436,0.812535,0.859392,0.500000
2.389443,0.815586,0.861113,0.500000
2.396450,0.818638,0.862834,0.500000
2.403457,0.821690,0.864555,0.500000
2.410464,0.824742,0.866276,0.500000
2.417471,0.827793,0.867997,0.500000
2.424479,0.830845,0.869719,0.500000
2.431486,0.833897,0.871440,0.500000
2.438493,0.836948,0.873161,0.500000
2.445500,0.840000,0.874882,0.500000
2.452507,0.843052,0.876603,0.500000
2.459514,0.846103,0.878324,0.500000
2.466522,0.849145,0.880039,0.494005
2.473529,0.852128,0.881722,0.483494
2.480536,0.855047,0.883368,0.472984
2.487543,0.857901,0.884978,0.462473
2.494550,0.860692,0.886552,0.451962
2.501557,0.863418,0.888089,0.441451
2.508565,0.866081,0.889591,0.430941
2.515572,0.868679,0.891056,0.420430
2.522579,0.871213,0.892485,0.409919
2.529586,0.873683,0.893878,0.399408
2.536593,0.876088,0.895235,0.388898
2.543600,0.878430,0.896555,0.378387
2.550608,0.880707,0.897840,0.367876
2.557615,0.882920,0.899088,0.357365
2.564622,0.885070,0.900300,0.346855
2.571629,0.887154,0.901476,0.336344
2.578636,0.889175,0.902616,0.325833
2.585643,0.891132,0.903719,0.315322
2.592651,0.893024,0.904786,0.304812
2.599658,0.894853,0.905817,0.294301
2.606665,0.896617,0.906812,0.283790
2.613672,0.898317,0.907771,0.273279
2.620679,0.899953,0.908694,0.262769
2.627686,0.901524,0.909580,0.252258
2.634694,0.903032,0.910430,0.241747
2.641701,0.904475,0.911244,0.231236
2.648708,0.905855,0.912022,0.220726
2.655715,0.907170,0.912764,0.210215
2.662722,0.908421,0.913470,0.199704
2.669729,0.909607,0.914139,0.189193
2.676737,0.910730,0.914772,0.178683
2.683744,0.911789,0.915369,0.168172
2.690751,0.912783,0.915930,0.157661
2.697758,0.913713,0.916454,0.147150
2.704765,0.914579,0.916943,0.136640
2.711772,0.915381,0.917395,0.126129
2.718779,0.916119,0.917811,0.115618
2.725787,0.916792,0.918191,0.105107
2.732794,0.917402,0.918535,0.094597
2.739801,0.917947,0.918842,0.084086
2.746808,0.918428,0.919114,0.073575
2.753815,0.918845,0.919349,0.063064
2.760822,0.919198,0.919548,0.052554
2.767830,0.919487,0.919711,0.042043
2.774837,0.919711,0.919837,0.031532
2.781844,0.919872,0.919928,0.021021
2.788851,0.919968,0.919982,0.010511
2.795858,0.920000,0.920000,0.000000
