t,q,dq,ddq
0.000000,0.000000,0.000000,2.000000
0.005000,0.000025,0.010000,2.000000
0.010000,0.000100,0.020000,2.000000
0.015000,0.000225,0.030000,2.000000
0.020000,0.000400,0.040000,2.000000
0.025000,0.000625,0.050000,2.000000
0.030000,0.000900,0.060000,2.000000
0.035000,0.001225,0.070000,2.000000
0.040000,0.001600,0.080000,2.000000
0.045000,0.002025,0.090000,2.000000
0.050000,0.002500,0.100000,2.000000
0.055000,0.003025,0.110000,2.000000
0.060000,0.003600,0.120000,2.000000
0.065000,0.004225,0.130000,2.000000
0.070000,0.004900,0.140000,2.000000
0.075000,0.005625,0.150000,2.000000
0.080000,0.006400,0.160000,2.000000
0.085000,0.007225,0.170000,2.000000
0.090000,0.008100,0.180000,2.000000
0.095000,0.009025,0.190000,2.000000
0.100000,0.010000,0.200000,2.000000
0.105000,0.011025,0.210000,2.000000
0.110000,0.012100,0.220000,2.000000
0.115000,0.013225,0.230000,2.000000
0.120000,0.014400,0.240000,2.000000
0.125000,0.015625,0.250000,2.000000
0.130000,0.016900,0.260000,2.000000
0.135000,0.018225,0.270000,2.000000
0.140000,0.019600,0.280000,2.000000
0.145000,0.021025,0.290000,2.000000
0.150000,0.022500,0.300000,2.000000
0.155000,0.024025,0.310000,2.000000
0.160000,0.025600,0.320000,2.000000
0.165000,0.027225,0.330000,2.000000
0.170000,0.028900,0.340000,2.000000
0.175000,0.030625,0.350000,2.000000
0.180000,0.032400,0.360000,2.000000
0.185000,0.034225,0.370000,2.000000
0.190000,0.036100,0.380000,2.000000
0.195000,0.038025,0.390000,2.000000
0.200000,0.040000,0.400000,2.000000
0.205000,0.042025,0.410000,2.000000
0.210000,0.044100,0.420000,2.000000
0.215000,0.046225,0.430000,2.000000
0.220000,0.048400,0.440000,2.000000
0.225000,0.050625,0.450000,2.000000
0.230000,0.052900,0.460000,2.000000
0.235000,0.055225,0.470000,2.000000
0.240000,0.057600,0.480000,2.000000
0.245000,0.060025,0.490000,2.000000
0.250000,0.062500,0.500000,2.000000
0.255000,0.065025,0.510000,2.000000
0.260000,0.067600,0.520000,2.000000
0.265000,0.070225,0.530000,2.000000
0.270000,0.072900,0.540000,2.000000
0.275000,0.075625,0.550000,2.000000
0.280000,0.078400,0.560000,2.000000
0.285000,0.081225,0.570000,2.000000
0.290000,0.084100,0.580000,2.000000
0.295000,0.087025,0.590000,2.000000
0.300000,0.090000,0.600000,2.000000
0.305000,0.093000,0.600000,0.000000
0.310000,0.096000,0.600000,0.000000
0.315000,0.099000,0.600000,0.000000
0.320000,0.102000,0.600000,0.000000
0.325000,0.105000,0.600000,0.000000
0.330000,0.108000,0.600000,0.000000
0.335000,0.111000,0.600000,0.000000
0.340000,0.114000,0.600000,0.000000
0.345000,0.117000,0.600000,0.000000
0.350000,0.120000,0.600000,0.000000
0.355000,0.123000,0.600000,0.000000
0.360000,0.126000,0.600000,0.000000
0.365000,0.129000,0.600000,0.000000
0.370000,0.132000,0.600000,0.000000
0.375000,0.135000,0.600000,0.000000
0.380000,0.138000,0.600000,0.000000
0.385000,0.141000,0.600000,0.000000
0.390000,0.144000,0.600000,0.000000
0.395000,0.147000,0.600000,0.000000
0.400000,0.150000,0.600000,0.000000
0.405000,0.153000,0.600000,0.000000
0.410000,0.156000,0.600000,0.000000
0.415000,0.159000,0.600000,0.000000
0.420000,0.162000,0.600000,0.000000
0.425000,0.165000,0.600000,0.000000
0.430000,0.168000,0.600000,0.000000
0.435000,0.171000,0.600000,0.000000
0.440000,0.174000,0.600000,0.000000
0.445000,0.177000,0.600000,0.000000
0.450000,0.180000,0.600000,0.000000
0.455000,0.183000,0.600000,0.000000
0.460000,0.186000,0.600000,0.000000
0.465000,0.189000,0.600000,0.000000
0.470000,0.192000,0.600000,0.000000
0.475000,0.195000,0.600000,0.000000
0.480000,0.198000,0.600000,0.000000
0.485000,0.201000,0.600000,0.000000
0.490000,0.204000,0.600000,0.000000
0.495000,0.207000,0.600000,0.000000
0.500000,0.210000,0.600000,0.000000
0.505000,0.213000,0.600000,0.000000
0.510000,0.216000,0.600000,0.000000
0.515000,0.219000,0.600000,0.000000
0.520000,0.222000,0.600000,0.000000
0.525000,0.225000,0.600000,0.000000
0.530000,0.228000,0.600000,0.000000
0.535000,0.231000,0.600000,0.000000
0.540000,0.234000,0.600000,0.000000
0.545000,0.237000,0.600000,0.000000
0.550000,0.240000,0.600000,0.000000
0.555000,0.243000,0.600000,0.000000
0.560000,0.246000,0.600000,0.000000
0.565000,0.249000,0.600000,0.000000
0.570000,0.252000,0.600000,0.000000
0.575000,0.255000,0.600000,0.000000
0.580000,0.258000,0.600000,0.000000
0.585000,0.261000,0.600000,0.000000
0.590000,0.264000,0.600000,0.000000
0.595000,0.267000,0.600000,0.000000
0.600000,0.270000,0.600000,0.000000
0.605000,0.273000,0.600000,0.000000
0.610000,0.276000,0.600000,0.000000
0.615000,0.279000,0.600000,0.000000
0.620000,0.282000,0.600000,0.000000
0.625000,0.285000,0.600000,0.000000
0.630000,0.288000,0.600000,0.000000
0.635000,0.291000,0.600000,0.000000
0.640000,0.294000,0.600000,0.000000
0.645000,0.297000,0.600000,0.000000
0.650000,0.300000,0.600000,0.000000
0.655000,0.303000,0.600000,0.000000
0.660000,0.306000,0.600000,0.000000
0.665000,0.309000,0.600000,0.000000
0.670000,0.312000,0.600000,0.000000
0.675000,0.315000,0.600000,0.000000
0.680000,0.318000,0.600000,0.000000
0.685000,0.321000,0.600000,0.000000
0.690000,0.324000,0.600000,0.000000
0.695000,0.327000,0.600000,0.000000
0.700000,0.330000,0.600000,0.000000
0.705000,0.333000,0.600000,0.000000
0.710000,0.336000,0.600000,0.000000
0.715000,0.339000,0.600000,0.000000
0.720000,0.342000,0.600000,0.000000
0.725000,0.345000,0.600000,0.000000
0.730000,0.348000,0.600000,0.000000
0.735000,0.351000,0.600000,0.000000
0.740000,0.354000,0.600000,0.000000
0.745000,0.357000,0.600000,0.000000
0.750000,0.360000,0.600000,0.000000
0.755000,0.363000,0.600000,0.000000
0.760000,0.366000,0.600000,0.000000
0.765000,0.369000,0.600000,0.000000
0.770000,0.372000,0.600000,0.000000
0.775000,0.375000,0.600000,0.000000
0.780000,0.378000,0.600000,0.000000
0.785000,0.381000,0.600000,0.000000
0.790000,0.384000,0.600000,0.000000
0.795000,0.387000,0.600000,0.000000
0.800000,0.390000,0.600000,0.000000
0.805000,0.393000,0.600000,0.000000
0.810000,0.396000,0.600000,0.000000
0.815000,0.399000,0.600000,0.000000
0.820000,0.402000,0.600000,0.000000
0.825000,0.405000,0.600000,0.000000
0.830000,0.408000,0.600000,0.000000
0.835000,0.411000,0.600000,0.000000
0.840000,0.414000,0.600000,0.000000
0.845000,0.417000,0.600000,0.000000
0.850000,0.420000,0.600000,0.000000
0.855000,0.423000,0.600000,0.000000
0.860000,0.426000,0.600000,0.000000
0.865000,0.429000,0.600000,0.000000
0.870000,0.432000,0.600000,0.000000
0.875000,0.435000,0.600000,0.000000
0.880000,0.438000,0.600000,0.000000
0.885000,0.441000,0.600000,0.000000
0.890000,0.444000,0.600000,0.000000
0.895000,0.447000,0.600000,0.000000
0.900000,0.450000,0.600000,0.000000
0.905000,0.453000,0.600000,0.000000
0.910000,0.456000,0.600000,0.000000
0.915000,0.459000,0.600000,0.000000
0.920000,0.462000,0.600000,0.000000
0.925000,0.465000,0.600000,0.000000
0.930000,0.468000,0.600000,0.000000
0.935000,0.471000,0.600000,0.000000
0.940000,0.474000,0.600000,0.000000
0.945000,0.477000,0.600000,0.000000
0.950000,0.480000,0.600000,0.000000
0.955000,0.483000,0.600000,0.000000
0.960000,0.486000,0.600000,0.000000
0.965000,0.489000,0.600000,0.000000
0.970000,0.492000,0.600000,0.000000
0.975000,0.495000,0.600000,0.000000
0.980000,0.498000,0.600000,0.000000
0.985000,0.501000,0.600000,0.000000
0.990000,0.504000,0.600000,0.000000
0.995000,0.507000,0.600000,0.000000
1.000000,0.510000,0.600000,0.000000
1.005000,0.513000,0.600000,0.000000
1.010000,0.516000,0.600000,0.000000
1.015000,0.519000,0.600000,0.000000
1.020000,0.522000,0.600000,0.000000
1.025000,0.525000,0.600000,0.000000
1.030000,0.528000,0.600000,0.000000
1.035000,0.531000,0.600000,0.000000
1.040000,0.534000,0.600000,0.000000
1.045000,0.537000,0.600000,0.000000
1.050000,0.540000,0.600000,0.000000
1.055000,0.543000,0.600000,0.000000
1.060000,0.546000,0.600000,0.000000
1.065000,0.549000,0.600000,0.000000
1.070000,0.552000,0.600000,0.000000
1.075000,0.555000,0.600000,0.000000
1.080000,0.558000,0.600000,0.000000
1.085000,0.561000,0.600000,0.000000
1.090000,0.564000,0.600000,0.000000
1.095000,0.567000,0.600000,0.000000
1.100000,0.570000,0.600000,0.000000
1.105000,0.573000,0.600000,0.000000
1.110000,0.576000,0.600000,0.000000
1.115000,0.579000,0.600000,0.000000
1.120000,0.582000,0.600000,0.000000
1.125000,0.585000,0.600000,0.000000
1.130000,0.588000,0.600000,0.000000
1.135000,0.591000,0.600000,0.000000
1.140000,0.594000,0.600000,0.000000
1.145000,0.597000,0.600000,0.000000
1.150000,0.600000,0.600000,0.000000
1.155000,0.603000,0.600000,0.000000
1.160000,0.606000,0.600000,0.000000
1.165000,0.609000,0.600000,0.000000
1.170000,0.612000,0.600000,0.000000
1.175000,0.615000,0.600000,0.000000
1.180000,0.618000,0.600000,0.000000
1.185000,0.621000,0.600000,0.000000
1.190000,0.624000,0.600000,0.000000
1.195000,0.627000,0.600000,0.000000
1.200000,0.630000,0.600000,0.000000
1.205000,0.633000,0.600000,0.000000
1.210000,0.636000,0.600000,0.000000
1.215000,0.639000,0.600000,0.000000
1.220000,0.642000,0.600000,0.000000
1.225000,0.645000,0.600000,0.000000
1.230000,0.648000,0.600000,0.000000
1.235000,0.651000,0.600000,0.000000
1.240000,0.654000,0.600000,0.000000
1.245000,0.657000,0.600000,0.000000
1.250000,0.660000,0.600000,0.000000
1.255000,0.663000,0.600000,0.000000
1.260000,0.666000,0.600000,0.000000
1.265000,0.669000,0.600000,0.000000
1.270000,0.672000,0.600000,0.000000
1.275000,0.675000,0.600000,0.000000
1.280000,0.678000,0.600000,0.000000
1.285000,0.681000,0.600000,0.000000
1.290000,0.684000,0.600000,0.000000
1.295000,0.687000,0.600000,0.000000
1.300000,0.690000,0.600000,0.000000
1.305000,0.693000,0.600000,0.000000
1.310000,0.696000,0.600000,0.000000
1.315000,0.699000,0.600000,0.000000
1.320000,0.702000,0.600000,0.000000
1.325000,0.705000,0.600000,0.000000
1.330000,0.708000,0.600000,0.000000
1.335000,0.710997,0.596667,-2.000000
1.340000,0.713956,0.586667,-2.000000
1.345000,0.716864,0.576667,-2.000000
1.350000,0.719722,0.566667,-2.000000
1.355000,0.722531,0.556667,-2.000000
1.360000,0.725289,0.546667,-2.000000
1.365000,0.727997,0.536667,-2.000000
1.370000,0.730656,0.526667,-2.000000
1.375000,0.733264,0.516667,-2.000000
1.380000,0.735822,0.506667,-2.000000
1.385000,0.738331,0.496667,-2.000000
1.390000,0.740789,0.486667,-2.000000
1.395000,0.743197,0.476667,-2.000000
1.400000,0.745556,0.466667,-2.000000
1.405000,0.747864,0.456667,-2.000000
1.410000,0.750122,0.446667,-2.000000
1.415000,0.752331,0.436667,-2.000000
1.420000,0.754489,0.426667,-2.000000
1.425000,0.756597,0.416667,-2.000000
1.430000,0.758656,0.406667,-2.000000
1.435000,0.760664,0.396667,-2.000000
1.440000,0.762622,0.386667,-2.000000
1.445000,0.764531,0.376667,-2.000000
1.450000,0.766389,0.366667,-2.000000
1.455000,0.768197,0.356667,-2.000000
1.460000,0.769956,0.346667,-2.000000
1.465000,0.771664,0.336667,-2.000000
1.470000,0.773322,0.326667,-2.000000
1.475000,0.774931,0.316667,-2.000000
1.480000,0.776489,0.306667,-2.000000
1.485000,0.777997,0.296667,-2.000000
1.490000,0.779456,0.286667,-2.000000
1.495000,0.780864,0.276667,-2.000000
1.500000,0.782222,0.266667,-2.000000
1.505000,0.783531,0.256667,-2.000000
1.510000,0.784789,0.246667,-2.000000
1.515000,0.785997,0.236667,-2.000000
1.520000,0.787156,0.226667,-2.000000
1.525000,0.788264,0.216667,-2.000000
1.530000,0.789322,0.206667,-2.000000
1.535000,0.790331,0.196667,-2.000000
1.540000,0.791289,0.186667,-2.000000
1.545000,0.792197,0.176667,-2.000000
1.550000,0.793056,0.166667,-2.000000
1.555000,0.793864,0.156667,-2.000000
1.560000,0.794622,0.146667,-2.000000
1.565000,0.795331,0.136667,-2.000000
1.570000,0.795989,0.126667,-2.000000
1.575000,0.796597,0.116667,-2.000000
1.580000,0.797156,0.106667,-2.000000
1.585000,0.797664,0.096667,-2.000000
1.590000,0.798122,0.086667,-2.000000
1.595000,0.798531,0.076667,-2.000000
1.600000,0.798889,0.066667,-2.000000
1.605000,0.799197,0.056667,-2.000000
1.610000,0.799456,0.046667,-2.000000
1.615000,0.799664,0.036667,-2.000000
1.620000,0.799822,0.026667,-2.000000
1.625000,0.799931,0.016667,-2.000000
1.630000,0.799989,0.006667,-2.000000
1.635000,0.800000,0.000000,0.000000
1.640000,0.800000,0.000000,0.000000
1.645000,0.800000,0.000000,0.000000
1.650000,0.800000,0.000000,0.000000
1.655000,0.800000,0.000000,0.000000
1.660000,0.800000,0.000000,0.000000
1.665000,0.800000,0.000000,0.000000
1.670000,0.800000,0.000000,0.000000
1.675000,0.800000,0.000000,0.000000
1.680000,0.800000,0.000000,0.000000
1.685000,0.800000,0.000000,0.000000
1.690000,0.800000,0.000000,0.000000
1.695000,0.800000,0.000000,0.000000
1.700000,0.800000,0.000000,0.000000
1.705000,0.800000,0.000000,0.000000
1.710000,0.800000,0.000000,0.000000
1.715000,0.800000,0.000000,0.000000
1.720000,0.800000,0.000000,0.000000
1.725000,0.800000,0.000000,0.000000
1.730000,0.800000,0.000000,0.000000
1.735000,0.800000,0.000000,0.000000
1.740000,0.800000,0.000000,0.000000
1.745000,0.800000,0.000000,0.000000
1.750000,0.800000,0.000000,0.000000
1.755000,0.800000,0.000000,0.000000
1.760000,0.800000,0.000000,0.000000
1.765000,0.800000,0.000000,0.000000
1.770000,0.800000,0.000000,0.000000
1.775000,0.800000,0.000000,0.000000
1.780000,0.800000,0.000000,0.000000
1.785000,0.800000,0.000000,0.000000
1.790000,0.800000,0.000000,0.000000
1.795000,0.800000,0.000000,0.000000
1.800000,0.800000,0.000000,0.000000
1.805000,0.800000,0.000000,0.000000
1.810000,0.800000,0.000000,0.000000
1.815000,0.800000,0.000000,0.000000
1.820000,0.800000,0.000000,0.000000
1.825000,0.800000,0.000000,0.000000
1.830000,0.800000,0.000000,0.000000
1.835000,0.800000,0.000000,0.000000
1.840000,0.800000,0.000000,0.000000
1.845000,0.800000,0.000000,0.000000
1.850000,0.800000,0.000000,0.000000
1.855000,0.800000,0.000000,0.000000
1.860000,0.800000,0.000000,0.000000
1.865000,0.800000,0.000000,0.000000
1.870000,0.800000,0.000000,0.000000
1.875000,0.800000,0.000000,0.000000
1.880000,0.800000,0.000000,0.000000
1.885000,0.800000,0.000000,0.000000
1.890000,0.800000,0.000000,0.000000
1.895000,0.800000,0.000000,0.000000
1.900000,0.800000,0.000000,0.000000
1.905000,0.800000,0.000000,0.000000
1.910000,0.800000,0.000000,0.000000
1.915000,0.800000,0.000000,0.000000
1.920000,0.800000,0.000000,0.000000
1.925000,0.800000,0.000000,0.000000
1.930000,0.800000,0.000000,0.000000
1.935000,0.800000,0.000000,0.000000
1.940000,0.800000,0.000000,0.000000
1.945000,0.800000,0.000000,0.000000
1.950000,0.800000,0.000000,0.000000
1.955000,0.800000,0.000000,0.000000
1.960000,0.800000,0.000000,0.000000
1.965000,0.800000,0.000000,0.000000
1.970000,0.800000,0.000000,0.000000
1.975000,0.800000,0.000000,0.000000
1.980000,0.800000,0.000000,0.000000
1.985000,0.800000,0.000000,0.000000
1.990000,0.800000,0.000000,0.000000
1.995000,0.800000,0.000000,0.000000
2.000000,0.800000,0.000000,0.000000
